{"is_trained": true, "training_examples": 14429, "accuracy_1x2": 0.49220320188509253, "accuracy_ou": 0.5583200498995079}